Customer_ID,Order_ID,SKU_ID,Product_Name,Quantity,Price
4,1,P011,Eye Drops,1,11.95
4,1,P001,Aspirin,2,13.36
4,1,P015,First Aid Kit,2,32.09
4,1,P014,Sleep Aid,3,17.87
4,1,P002,Ibuprofen,2,30.36
34,2,P014,Sleep Aid,1,31.18
34,2,P005,Antacid,1,25.33
34,2,P008,Cough Drops,2,32.44
34,2,P004,Vitamin C,2,48.87
34,2,P012,Thermometer,3,33.01
75,3,P010,Hand Sanitizer,3,32.84
75,3,P008,Cough Drops,3,6.36
65,4,P003,Cough Syrup,2,33.89
65,4,P007,Allergy Pills,3,39.84
12,5,P001,Aspirin,3,43.06
12,5,P015,First Aid Kit,3,13.83
12,5,P007,Allergy Pills,3,23.21
76,6,P007,Allergy Pills,1,21.34
76,6,P004,Vitamin C,3,49.46
43,7,P008,Cough Drops,3,39.82
43,7,P004,Vitamin C,2,48.54
43,7,P003,Cough Syrup,3,18.38
63,8,P006,Pain Reliever,3,17.54
63,8,P009,Bandages,1,30.93
48,9,P010,Hand Sanitizer,2,27.35
48,9,P014,Sleep Aid,1,29.27
84,10,P009,Bandages,3,36.93
84,10,P001,Aspirin,3,8.04
84,10,P008,Cough Drops,3,5.35
84,10,P015,First Aid Kit,2,46.64
9,11,P010,Hand Sanitizer,2,36.23
9,11,P015,First Aid Kit,1,33.72
9,11,P012,Thermometer,1,7.8
9,11,P013,Face Mask,3,29.75
44,12,P007,Allergy Pills,2,43.71
44,12,P011,Eye Drops,1,32.72
44,12,P015,First Aid Kit,1,20.64
78,13,P005,Antacid,3,43.56
78,13,P015,First Aid Kit,1,35.16
61,14,P010,Hand Sanitizer,2,32.89
61,14,P011,Eye Drops,1,8.58
61,14,P003,Cough Syrup,2,46.93
20,15,P015,First Aid Kit,1,37.15
20,15,P012,Thermometer,1,47.59
20,15,P005,Antacid,1,38.59
20,15,P001,Aspirin,3,19.88
79,16,P013,Face Mask,2,17.67
79,16,P008,Cough Drops,1,45.35
79,16,P007,Allergy Pills,2,21.71
79,16,P015,First Aid Kit,2,48.6
77,17,P006,Pain Reliever,3,38.61
77,17,P011,Eye Drops,3,23.79
16,18,P007,Allergy Pills,2,48.72
16,18,P009,Bandages,1,36.89
16,18,P003,Cough Syrup,3,17.79
92,19,P010,Hand Sanitizer,1,40.05
92,19,P005,Antacid,1,20.52
92,19,P011,Eye Drops,3,34.24
92,19,P009,Bandages,3,32.26
92,19,P007,Allergy Pills,1,23.79
86,20,P015,First Aid Kit,2,14.41
86,20,P002,Ibuprofen,3,15.5
86,20,P006,Pain Reliever,1,43.23
93,21,P002,Ibuprofen,1,22.86
93,21,P003,Cough Syrup,3,12.99
93,21,P014,Sleep Aid,3,12.7
93,21,P015,First Aid Kit,3,32.61
93,21,P004,Vitamin C,2,34.04
35,22,P011,Eye Drops,3,21.91
35,22,P009,Bandages,2,22.43
35,22,P015,First Aid Kit,1,15.07
99,23,P011,Eye Drops,2,29.99
99,23,P003,Cough Syrup,3,8.46
99,23,P004,Vitamin C,2,39.75
75,24,P010,Hand Sanitizer,3,22.93
75,24,P006,Pain Reliever,1,22.94
75,24,P008,Cough Drops,2,44.89
75,24,P014,Sleep Aid,1,34.17
56,25,P012,Thermometer,1,47.03
56,25,P011,Eye Drops,3,10.71
56,25,P010,Hand Sanitizer,1,17.16
96,26,P015,First Aid Kit,1,31.22
96,26,P004,Vitamin C,2,13.33
14,27,P014,Sleep Aid,3,5.05
14,27,P004,Vitamin C,1,13.98
14,27,P002,Ibuprofen,1,20.82
14,27,P006,Pain Reliever,2,16.84
14,27,P009,Bandages,2,8.42
90,28,P005,Antacid,1,33.3
90,28,P002,Ibuprofen,3,27.1
90,28,P012,Thermometer,2,7.04
90,28,P010,Hand Sanitizer,1,6.61
43,29,P012,Thermometer,1,10.26
43,29,P009,Bandages,1,30.43
43,29,P007,Allergy Pills,3,7.72
91,30,P007,Allergy Pills,3,18.01
91,30,P008,Cough Drops,3,33.63
91,30,P004,Vitamin C,2,34.47
91,30,P001,Aspirin,3,35.4
11,31,P013,Face Mask,2,35.82
11,31,P006,Pain Reliever,2,27.26
11,31,P001,Aspirin,3,41.14
11,32,P013,Face Mask,1,44.63
11,32,P008,Cough Drops,2,19.23
11,32,P012,Thermometer,3,27.8
11,32,P009,Bandages,1,6.99
15,33,P004,Vitamin C,1,35.38
15,33,P001,Aspirin,2,18.37
35,34,P009,Bandages,2,43.11
35,34,P008,Cough Drops,2,47.3
35,34,P010,Hand Sanitizer,2,6.26
35,34,P011,Eye Drops,2,47.45
1,35,P001,Aspirin,1,20.08
1,35,P012,Thermometer,1,49.25
1,35,P010,Hand Sanitizer,3,24.91
1,35,P004,Vitamin C,2,11.14
25,36,P003,Cough Syrup,2,19.65
25,36,P015,First Aid Kit,2,36.71
25,36,P005,Antacid,2,13.35
94,37,P012,Thermometer,1,26.49
94,37,P010,Hand Sanitizer,2,32.77
94,37,P003,Cough Syrup,3,13.83
2,38,P008,Cough Drops,2,28.84
2,38,P010,Hand Sanitizer,1,16.88
2,38,P005,Antacid,2,32.73
2,38,P009,Bandages,3,48.14
14,39,P005,Antacid,2,20.36
14,39,P012,Thermometer,2,33.41
14,39,P003,Cough Syrup,3,15.24
14,39,P010,Hand Sanitizer,2,13.51
14,39,P013,Face Mask,2,45.32
85,40,P001,Aspirin,3,15.95
85,40,P009,Bandages,3,6.92
56,41,P013,Face Mask,1,7.28
56,41,P011,Eye Drops,2,9.28
56,41,P012,Thermometer,1,20.39
56,41,P008,Cough Drops,2,46.51
56,41,P005,Antacid,2,8.47
29,42,P005,Antacid,1,11.58
29,42,P012,Thermometer,2,39.08
29,42,P011,Eye Drops,1,26.26
29,42,P009,Bandages,3,15.14
98,43,P012,Thermometer,3,40.47
98,43,P014,Sleep Aid,2,10.2
98,43,P007,Allergy Pills,2,37.15
98,43,P005,Antacid,2,12.7
98,43,P013,Face Mask,3,31.96
81,44,P006,Pain Reliever,2,25.11
81,44,P008,Cough Drops,1,12.74
81,44,P012,Thermometer,1,30.45
81,44,P010,Hand Sanitizer,3,18.85
81,44,P005,Antacid,2,47.41
26,45,P006,Pain Reliever,3,40.85
26,45,P003,Cough Syrup,1,49.64
26,45,P009,Bandages,2,19.56
49,46,P010,Hand Sanitizer,1,12.99
49,46,P013,Face Mask,3,16.37
49,46,P005,Antacid,2,46.15
49,46,P012,Thermometer,1,39.67
49,46,P014,Sleep Aid,1,26.94
60,47,P006,Pain Reliever,3,28.5
60,47,P015,First Aid Kit,3,48.45
60,47,P012,Thermometer,3,45.52
60,47,P010,Hand Sanitizer,2,35.05
39,48,P007,Allergy Pills,1,41.4
39,48,P006,Pain Reliever,3,48.36
39,48,P014,Sleep Aid,3,18.2
21,49,P004,Vitamin C,3,30.07
21,49,P008,Cough Drops,1,9.82
75,50,P007,Allergy Pills,1,18.9
75,50,P012,Thermometer,1,16.21
75,50,P008,Cough Drops,3,30.35
77,51,P013,Face Mask,2,30.73
77,51,P015,First Aid Kit,3,23.7
77,51,P009,Bandages,2,15.53
77,51,P006,Pain Reliever,1,25.89
51,52,P006,Pain Reliever,1,17.61
51,52,P011,Eye Drops,2,18.19
23,53,P015,First Aid Kit,3,8.53
23,53,P010,Hand Sanitizer,3,37.12
26,54,P005,Antacid,1,31.91
26,54,P009,Bandages,3,13.71
26,54,P003,Cough Syrup,2,41.37
26,54,P002,Ibuprofen,3,9.08
29,55,P004,Vitamin C,3,7.71
29,55,P011,Eye Drops,1,31.83
26,56,P005,Antacid,1,8.39
26,56,P009,Bandages,1,15.6
26,56,P008,Cough Drops,3,13.4
26,56,P012,Thermometer,2,12.04
26,56,P010,Hand Sanitizer,3,40.94
40,57,P002,Ibuprofen,1,45.44
40,57,P015,First Aid Kit,1,32.91
40,57,P007,Allergy Pills,1,29.51
59,58,P011,Eye Drops,3,20.11
59,58,P005,Antacid,2,41.89
59,58,P014,Sleep Aid,2,19.33
59,58,P010,Hand Sanitizer,1,47.87
3,59,P013,Face Mask,1,49.56
3,59,P015,First Aid Kit,3,49.59
3,59,P010,Hand Sanitizer,3,23.01
98,60,P012,Thermometer,3,31.24
98,60,P015,First Aid Kit,2,20.13
98,60,P011,Eye Drops,3,24.59
98,60,P004,Vitamin C,3,34.97
98,60,P006,Pain Reliever,2,43.51
58,61,P012,Thermometer,1,49.69
58,61,P001,Aspirin,1,29.13
58,61,P013,Face Mask,1,19.4
58,61,P011,Eye Drops,1,35.81
58,61,P005,Antacid,1,49.15
7,62,P005,Antacid,3,32.95
7,62,P002,Ibuprofen,3,10.46
7,62,P013,Face Mask,2,17.98
7,62,P007,Allergy Pills,3,18.56
7,62,P003,Cough Syrup,3,18.96
20,63,P014,Sleep Aid,3,26.32
20,63,P009,Bandages,2,9.15
49,64,P010,Hand Sanitizer,2,19.41
49,64,P014,Sleep Aid,3,22.61
99,65,P003,Cough Syrup,3,10.2
99,65,P013,Face Mask,1,31.39
73,66,P001,Aspirin,2,29.49
73,66,P013,Face Mask,2,29.36
73,66,P004,Vitamin C,1,7.37
56,67,P007,Allergy Pills,1,7.96
56,67,P008,Cough Drops,3,14.22
56,67,P009,Bandages,3,27.29
56,67,P013,Face Mask,3,31.12
81,68,P012,Thermometer,1,44.56
81,68,P010,Hand Sanitizer,2,43.85
81,68,P009,Bandages,1,17.75
81,68,P011,Eye Drops,2,10.94
81,68,P013,Face Mask,2,10.19
76,69,P014,Sleep Aid,1,36.23
76,69,P015,First Aid Kit,3,7.55
76,69,P006,Pain Reliever,2,22.23
16,70,P007,Allergy Pills,1,32.54
16,70,P014,Sleep Aid,1,5.51
7,71,P015,First Aid Kit,3,15.17
7,71,P002,Ibuprofen,3,42.65
28,72,P012,Thermometer,2,48.42
28,72,P015,First Aid Kit,2,21.86
28,72,P009,Bandages,2,23.47
28,72,P010,Hand Sanitizer,1,10.64
28,72,P005,Antacid,1,40.63
35,73,P011,Eye Drops,1,37.88
35,73,P013,Face Mask,1,39.8
35,73,P001,Aspirin,1,41.7
24,74,P011,Eye Drops,3,45.89
24,74,P007,Allergy Pills,3,7.27
62,75,P001,Aspirin,2,29.11
62,75,P003,Cough Syrup,1,20.78
31,76,P003,Cough Syrup,3,12.72
31,76,P011,Eye Drops,1,30.94
31,76,P005,Antacid,2,21.92
31,76,P004,Vitamin C,2,42.13
31,76,P002,Ibuprofen,1,40.58
87,77,P001,Aspirin,3,46.83
87,77,P015,First Aid Kit,1,5.12
87,77,P004,Vitamin C,2,13.28
29,78,P015,First Aid Kit,1,41.25
29,78,P003,Cough Syrup,1,41.32
29,78,P001,Aspirin,2,33.57
29,78,P006,Pain Reliever,2,23.81
74,79,P007,Allergy Pills,2,30.39
74,79,P014,Sleep Aid,2,36.64
44,80,P002,Ibuprofen,2,36.47
44,80,P003,Cough Syrup,1,33.86
43,81,P011,Eye Drops,3,41.39
43,81,P007,Allergy Pills,1,5.11
21,82,P006,Pain Reliever,3,33.14
21,82,P013,Face Mask,2,7.71
65,83,P001,Aspirin,1,7.28
65,83,P015,First Aid Kit,2,47.49
65,83,P008,Cough Drops,1,46.64
37,84,P013,Face Mask,3,8.39
37,84,P005,Antacid,1,29.37
95,85,P013,Face Mask,2,19.4
95,85,P001,Aspirin,1,10.82
95,85,P014,Sleep Aid,3,46.9
95,85,P004,Vitamin C,2,23.75
94,86,P014,Sleep Aid,2,16.34
94,86,P013,Face Mask,1,37.63
94,86,P002,Ibuprofen,1,20.31
52,87,P010,Hand Sanitizer,2,43.69
52,87,P012,Thermometer,2,12.18
52,87,P007,Allergy Pills,1,41.85
52,87,P001,Aspirin,3,5.51
79,88,P008,Cough Drops,2,36.32
79,88,P007,Allergy Pills,1,41.99
60,89,P002,Ibuprofen,3,16.68
60,89,P010,Hand Sanitizer,2,34.32
36,90,P011,Eye Drops,2,27.38
36,90,P010,Hand Sanitizer,1,32.02
36,90,P004,Vitamin C,2,18.52
88,91,P002,Ibuprofen,1,29.21
88,91,P003,Cough Syrup,1,7.16
30,92,P010,Hand Sanitizer,2,44.5
30,92,P009,Bandages,3,34.17
42,93,P011,Eye Drops,3,30.42
42,93,P001,Aspirin,1,25.82
42,93,P012,Thermometer,1,40.65
40,94,P008,Cough Drops,3,40.01
40,94,P013,Face Mask,1,48.92
40,94,P007,Allergy Pills,1,35.54
40,94,P010,Hand Sanitizer,3,14.1
40,94,P014,Sleep Aid,1,9.2
76,95,P001,Aspirin,3,34.98
76,95,P005,Antacid,2,41.06
76,95,P003,Cough Syrup,1,29.63
76,95,P010,Hand Sanitizer,3,34.0
76,95,P014,Sleep Aid,1,34.95
93,96,P005,Antacid,3,46.44
93,96,P008,Cough Drops,3,27.22
93,96,P001,Aspirin,1,39.1
93,96,P004,Vitamin C,1,26.1
27,97,P013,Face Mask,3,23.69
27,97,P002,Ibuprofen,1,18.1
90,98,P006,Pain Reliever,3,46.25
90,98,P012,Thermometer,2,24.58
90,98,P015,First Aid Kit,3,39.85
90,98,P003,Cough Syrup,2,24.92
51,99,P008,Cough Drops,2,14.66
51,99,P007,Allergy Pills,1,21.09
62,100,P010,Hand Sanitizer,1,48.33
62,100,P001,Aspirin,1,19.58
62,100,P015,First Aid Kit,1,8.24
62,100,P007,Allergy Pills,3,48.55
62,100,P011,Eye Drops,3,23.63
3,101,P015,First Aid Kit,3,7.21
3,101,P003,Cough Syrup,3,7.65
15,102,P009,Bandages,2,43.14
15,102,P014,Sleep Aid,2,18.75
15,102,P008,Cough Drops,2,30.23
15,102,P002,Ibuprofen,2,43.23
15,102,P015,First Aid Kit,3,43.99
64,103,P005,Antacid,1,13.66
64,103,P006,Pain Reliever,3,16.54
85,104,P013,Face Mask,2,22.44
85,104,P011,Eye Drops,1,49.75
85,104,P008,Cough Drops,3,15.24
60,105,P001,Aspirin,1,23.08
60,105,P009,Bandages,2,15.71
60,105,P007,Allergy Pills,2,23.63
60,105,P008,Cough Drops,2,24.93
60,105,P013,Face Mask,3,32.01
37,106,P008,Cough Drops,1,35.83
37,106,P001,Aspirin,3,16.76
57,107,P010,Hand Sanitizer,2,13.74
57,107,P011,Eye Drops,3,20.88
25,108,P006,Pain Reliever,2,36.94
25,108,P003,Cough Syrup,2,43.79
80,109,P001,Aspirin,2,33.81
80,109,P007,Allergy Pills,3,46.75
80,109,P004,Vitamin C,2,29.16
70,110,P004,Vitamin C,2,39.26
70,110,P013,Face Mask,3,48.84
70,110,P001,Aspirin,3,34.56
93,111,P013,Face Mask,1,15.57
93,111,P008,Cough Drops,1,19.85
24,112,P007,Allergy Pills,3,12.68
24,112,P015,First Aid Kit,2,29.91
24,112,P010,Hand Sanitizer,3,8.75
61,113,P009,Bandages,3,17.02
61,113,P003,Cough Syrup,3,9.87
61,113,P004,Vitamin C,3,21.15
61,113,P006,Pain Reliever,2,49.89
61,113,P002,Ibuprofen,1,45.21
16,114,P014,Sleep Aid,2,29.42
16,114,P009,Bandages,1,6.38
16,114,P007,Allergy Pills,3,49.64
16,114,P005,Antacid,3,6.39
16,114,P013,Face Mask,2,21.69
24,115,P015,First Aid Kit,2,43.27
24,115,P006,Pain Reliever,3,8.35
24,115,P010,Hand Sanitizer,1,13.15
22,116,P004,Vitamin C,3,49.85
22,116,P010,Hand Sanitizer,3,12.92
22,116,P001,Aspirin,1,39.52
22,116,P011,Eye Drops,3,45.48
22,116,P002,Ibuprofen,3,13.46
12,117,P004,Vitamin C,1,36.51
12,117,P015,First Aid Kit,3,26.4
12,117,P009,Bandages,2,8.23
12,117,P001,Aspirin,3,27.93
12,117,P012,Thermometer,3,39.33
66,118,P006,Pain Reliever,1,46.38
66,118,P004,Vitamin C,3,29.83
46,119,P002,Ibuprofen,2,32.47
46,119,P009,Bandages,2,6.49
46,119,P007,Allergy Pills,3,32.44
46,119,P001,Aspirin,1,36.48
67,120,P001,Aspirin,3,17.55
67,120,P004,Vitamin C,2,28.61
67,120,P014,Sleep Aid,2,19.7
64,121,P006,Pain Reliever,3,42.38
64,121,P009,Bandages,2,47.83
64,121,P008,Cough Drops,3,19.79
64,121,P007,Allergy Pills,3,26.13
11,122,P014,Sleep Aid,2,31.08
11,122,P009,Bandages,1,18.14
18,123,P002,Ibuprofen,3,23.08
18,123,P003,Cough Syrup,1,17.45
77,124,P011,Eye Drops,3,23.97
77,124,P013,Face Mask,3,40.29
77,124,P008,Cough Drops,1,27.8
77,124,P010,Hand Sanitizer,3,43.12
40,125,P008,Cough Drops,2,20.17
40,125,P001,Aspirin,3,27.8
40,125,P015,First Aid Kit,3,42.17
40,125,P011,Eye Drops,2,27.93
40,125,P004,Vitamin C,3,42.21
17,126,P014,Sleep Aid,1,40.2
17,126,P002,Ibuprofen,1,43.27
17,126,P001,Aspirin,3,14.17
4,127,P004,Vitamin C,3,17.71
4,127,P003,Cough Syrup,2,13.86
30,128,P011,Eye Drops,3,28.94
30,128,P010,Hand Sanitizer,3,18.18
30,128,P015,First Aid Kit,2,6.8
85,129,P008,Cough Drops,3,45.25
85,129,P006,Pain Reliever,2,38.4
68,130,P009,Bandages,2,31.88
68,130,P006,Pain Reliever,3,34.13
63,131,P001,Aspirin,1,16.64
63,131,P005,Antacid,2,35.17
63,131,P011,Eye Drops,3,45.36
28,132,P003,Cough Syrup,1,23.95
28,132,P015,First Aid Kit,3,32.82
28,132,P009,Bandages,1,5.98
28,132,P005,Antacid,2,14.32
43,133,P009,Bandages,2,34.13
43,133,P008,Cough Drops,1,25.92
41,134,P006,Pain Reliever,3,34.34
41,134,P007,Allergy Pills,3,44.06
41,134,P001,Aspirin,3,48.28
41,134,P012,Thermometer,1,14.95
26,135,P009,Bandages,3,45.75
26,135,P010,Hand Sanitizer,3,6.27
26,135,P015,First Aid Kit,2,13.38
26,135,P014,Sleep Aid,1,18.0
26,135,P005,Antacid,2,7.08
26,136,P002,Ibuprofen,2,43.5
26,136,P012,Thermometer,2,24.34
5,137,P015,First Aid Kit,3,30.44
5,137,P005,Antacid,3,8.36
5,137,P007,Allergy Pills,2,10.91
50,138,P014,Sleep Aid,2,34.71
50,138,P008,Cough Drops,3,31.79
24,139,P014,Sleep Aid,2,29.85
24,139,P009,Bandages,2,29.24
24,139,P012,Thermometer,3,5.5
88,140,P002,Ibuprofen,2,27.48
88,140,P003,Cough Syrup,1,39.75
88,140,P010,Hand Sanitizer,3,40.02
88,140,P012,Thermometer,2,29.61
65,141,P009,Bandages,1,26.95
65,141,P006,Pain Reliever,1,27.09
65,141,P013,Face Mask,3,23.33
65,141,P010,Hand Sanitizer,1,12.98
65,141,P005,Antacid,2,29.9
38,142,P005,Antacid,2,21.57
38,142,P008,Cough Drops,1,38.39
38,142,P011,Eye Drops,1,8.47
38,142,P014,Sleep Aid,1,45.11
27,143,P007,Allergy Pills,2,41.36
27,143,P011,Eye Drops,2,17.52
27,143,P003,Cough Syrup,1,49.02
27,143,P006,Pain Reliever,3,26.28
27,143,P009,Bandages,2,27.21
96,144,P008,Cough Drops,3,31.98
96,144,P003,Cough Syrup,2,20.49
96,144,P015,First Aid Kit,1,16.55
96,144,P010,Hand Sanitizer,1,36.96
58,145,P009,Bandages,2,33.63
58,145,P012,Thermometer,3,5.98
58,145,P010,Hand Sanitizer,1,38.23
58,145,P004,Vitamin C,3,35.04
95,146,P008,Cough Drops,1,46.75
95,146,P014,Sleep Aid,1,26.51
95,146,P010,Hand Sanitizer,1,49.59
29,147,P010,Hand Sanitizer,2,36.34
29,147,P004,Vitamin C,1,40.65
29,147,P007,Allergy Pills,2,19.73
91,148,P012,Thermometer,1,44.3
91,148,P009,Bandages,2,28.9
52,149,P011,Eye Drops,3,48.67
52,149,P005,Antacid,1,22.31
52,149,P003,Cough Syrup,2,25.69
52,149,P007,Allergy Pills,3,43.12
34,150,P007,Allergy Pills,3,25.51
34,150,P003,Cough Syrup,1,34.38
57,151,P010,Hand Sanitizer,1,26.51
57,151,P013,Face Mask,3,19.38
57,151,P009,Bandages,2,36.12
20,152,P001,Aspirin,3,49.23
20,152,P012,Thermometer,1,21.15
86,153,P004,Vitamin C,1,32.57
86,153,P002,Ibuprofen,2,34.55
86,153,P015,First Aid Kit,3,8.92
12,154,P015,First Aid Kit,3,13.81
12,154,P003,Cough Syrup,1,11.63
89,155,P004,Vitamin C,1,41.38
89,155,P012,Thermometer,1,33.1
12,156,P008,Cough Drops,1,21.69
12,156,P014,Sleep Aid,3,22.39
92,157,P001,Aspirin,1,14.11
92,157,P005,Antacid,2,33.43
92,157,P009,Bandages,2,41.16
69,158,P014,Sleep Aid,3,26.66
69,158,P010,Hand Sanitizer,1,24.08
69,158,P005,Antacid,2,12.32
11,159,P002,Ibuprofen,2,30.92
11,159,P013,Face Mask,2,37.2
11,159,P010,Hand Sanitizer,3,20.2
11,159,P015,First Aid Kit,2,38.12
62,160,P005,Antacid,1,26.82
62,160,P007,Allergy Pills,1,30.12
82,161,P012,Thermometer,2,40.0
82,161,P015,First Aid Kit,1,36.09
82,161,P007,Allergy Pills,2,32.29
82,161,P006,Pain Reliever,3,26.66
41,162,P004,Vitamin C,1,9.72
41,162,P007,Allergy Pills,1,23.68
41,162,P008,Cough Drops,2,49.5
31,163,P008,Cough Drops,1,24.34
31,163,P014,Sleep Aid,2,31.05
31,163,P013,Face Mask,1,24.0
31,163,P006,Pain Reliever,3,14.88
31,163,P004,Vitamin C,1,42.77
49,164,P007,Allergy Pills,3,15.43
49,164,P010,Hand Sanitizer,3,28.09
49,164,P008,Cough Drops,3,5.04
46,165,P005,Antacid,2,42.72
46,165,P003,Cough Syrup,2,36.92
7,166,P003,Cough Syrup,1,18.91
7,166,P013,Face Mask,3,19.93
7,166,P005,Antacid,3,11.48
7,166,P002,Ibuprofen,3,46.07
7,166,P001,Aspirin,2,15.97
16,167,P005,Antacid,3,25.13
16,167,P007,Allergy Pills,1,25.63
16,167,P011,Eye Drops,3,10.62
16,167,P006,Pain Reliever,3,9.84
16,167,P002,Ibuprofen,2,36.53
41,168,P015,First Aid Kit,1,26.32
41,168,P004,Vitamin C,3,38.03
41,168,P010,Hand Sanitizer,1,27.29
41,168,P007,Allergy Pills,1,24.01
37,169,P010,Hand Sanitizer,1,18.54
37,169,P005,Antacid,2,39.64
37,169,P003,Cough Syrup,2,18.92
37,169,P007,Allergy Pills,2,41.53
37,169,P014,Sleep Aid,2,46.79
37,170,P002,Ibuprofen,1,35.4
37,170,P013,Face Mask,1,15.4
37,170,P005,Antacid,2,48.22
37,170,P008,Cough Drops,1,5.76
46,171,P007,Allergy Pills,2,6.95
46,171,P004,Vitamin C,3,28.66
46,171,P014,Sleep Aid,3,29.44
46,171,P013,Face Mask,3,10.69
56,172,P008,Cough Drops,2,18.78
56,172,P007,Allergy Pills,2,23.61
2,173,P013,Face Mask,2,30.57
2,173,P007,Allergy Pills,3,48.54
2,173,P010,Hand Sanitizer,3,21.91
2,173,P004,Vitamin C,3,24.06
2,173,P012,Thermometer,1,34.13
84,174,P007,Allergy Pills,1,6.27
84,174,P010,Hand Sanitizer,1,28.45
84,174,P004,Vitamin C,2,43.27
98,175,P015,First Aid Kit,1,10.26
98,175,P004,Vitamin C,1,33.64
98,175,P001,Aspirin,2,37.84
65,176,P014,Sleep Aid,2,32.13
65,176,P007,Allergy Pills,2,25.7
65,176,P005,Antacid,2,8.18
20,177,P010,Hand Sanitizer,2,13.52
20,177,P001,Aspirin,3,22.99
5,178,P001,Aspirin,3,14.37
5,178,P012,Thermometer,2,40.5
5,178,P011,Eye Drops,3,26.54
5,178,P010,Hand Sanitizer,1,11.77
46,179,P005,Antacid,3,12.54
46,179,P001,Aspirin,2,47.81
46,179,P009,Bandages,2,21.32
3,180,P006,Pain Reliever,1,10.85
3,180,P011,Eye Drops,3,28.88
57,181,P012,Thermometer,1,32.28
57,181,P003,Cough Syrup,3,21.92
92,182,P001,Aspirin,3,47.77
92,182,P011,Eye Drops,1,41.26
92,182,P009,Bandages,3,47.97
92,182,P014,Sleep Aid,3,40.34
92,182,P015,First Aid Kit,3,5.42
51,183,P012,Thermometer,2,42.5
51,183,P006,Pain Reliever,3,47.98
25,184,P008,Cough Drops,1,17.41
25,184,P011,Eye Drops,1,13.47
25,184,P002,Ibuprofen,1,28.46
25,184,P003,Cough Syrup,2,21.42
25,184,P005,Antacid,1,32.97
36,185,P011,Eye Drops,1,45.22
36,185,P002,Ibuprofen,1,33.78
36,185,P012,Thermometer,2,34.72
36,185,P015,First Aid Kit,1,15.75
34,186,P010,Hand Sanitizer,3,40.03
34,186,P008,Cough Drops,3,49.85
34,186,P001,Aspirin,2,33.11
34,186,P011,Eye Drops,2,8.17
34,186,P003,Cough Syrup,1,43.0
5,187,P015,First Aid Kit,2,34.68
5,187,P003,Cough Syrup,3,13.44
5,187,P001,Aspirin,3,35.56
5,187,P008,Cough Drops,3,19.75
1,188,P007,Allergy Pills,1,24.34
1,188,P008,Cough Drops,1,33.16
90,189,P001,Aspirin,3,38.32
90,189,P002,Ibuprofen,2,7.29
76,190,P003,Cough Syrup,1,6.74
76,190,P015,First Aid Kit,1,14.23
76,190,P006,Pain Reliever,3,28.47
76,190,P007,Allergy Pills,2,6.51
76,190,P014,Sleep Aid,1,19.64
35,191,P010,Hand Sanitizer,2,39.84
35,191,P014,Sleep Aid,3,33.56
35,192,P009,Bandages,3,14.47
35,192,P008,Cough Drops,2,11.52
35,192,P005,Antacid,1,20.36
35,192,P012,Thermometer,1,34.24
15,193,P001,Aspirin,2,25.99
15,193,P014,Sleep Aid,3,11.14
15,193,P004,Vitamin C,2,10.02
65,194,P012,Thermometer,1,28.35
65,194,P013,Face Mask,1,19.97
65,194,P011,Eye Drops,1,42.93
65,194,P007,Allergy Pills,1,47.65
99,195,P014,Sleep Aid,1,37.31
99,195,P015,First Aid Kit,3,38.16
99,195,P010,Hand Sanitizer,3,37.28
99,195,P004,Vitamin C,1,10.37
99,195,P006,Pain Reliever,1,16.47
42,196,P013,Face Mask,1,48.09
42,196,P011,Eye Drops,3,39.79
42,196,P003,Cough Syrup,3,41.06
42,196,P007,Allergy Pills,3,26.44
42,196,P009,Bandages,3,41.56
55,197,P002,Ibuprofen,1,22.07
55,197,P001,Aspirin,3,49.26
55,197,P013,Face Mask,3,45.7
55,197,P006,Pain Reliever,1,28.13
55,197,P014,Sleep Aid,2,44.22
60,198,P010,Hand Sanitizer,3,11.57
60,198,P004,Vitamin C,1,49.13
60,198,P013,Face Mask,1,19.73
5,199,P013,Face Mask,2,8.49
5,199,P014,Sleep Aid,1,36.78
5,199,P006,Pain Reliever,2,36.98
5,199,P002,Ibuprofen,3,11.95
90,200,P011,Eye Drops,3,21.33
90,200,P005,Antacid,3,17.17
90,200,P008,Cough Drops,3,29.73
90,200,P013,Face Mask,3,19.17
58,201,P002,Ibuprofen,3,33.4
58,201,P011,Eye Drops,3,14.03
58,201,P015,First Aid Kit,3,29.78
58,201,P004,Vitamin C,2,5.09
58,201,P001,Aspirin,2,30.18
81,202,P007,Allergy Pills,1,48.39
81,202,P009,Bandages,2,13.28
81,202,P005,Antacid,3,13.32
39,203,P009,Bandages,2,32.11
39,203,P002,Ibuprofen,3,35.21
39,203,P006,Pain Reliever,2,20.29
39,203,P004,Vitamin C,3,12.43
39,203,P010,Hand Sanitizer,1,23.29
35,204,P014,Sleep Aid,1,13.53
35,204,P005,Antacid,3,14.7
15,205,P015,First Aid Kit,1,22.16
15,205,P007,Allergy Pills,2,30.32
84,206,P010,Hand Sanitizer,2,33.63
84,206,P015,First Aid Kit,2,20.7
84,206,P005,Antacid,2,27.58
84,206,P002,Ibuprofen,3,34.13
84,206,P003,Cough Syrup,3,21.4
52,207,P005,Antacid,2,47.09
52,207,P014,Sleep Aid,3,45.85
52,207,P011,Eye Drops,3,41.32
24,208,P012,Thermometer,1,20.04
24,208,P006,Pain Reliever,1,26.66
24,208,P011,Eye Drops,1,30.24
14,209,P004,Vitamin C,2,39.71
14,209,P015,First Aid Kit,3,11.12
42,210,P012,Thermometer,1,13.7
42,210,P005,Antacid,3,22.01
42,210,P009,Bandages,1,32.77
98,211,P008,Cough Drops,2,43.61
98,211,P014,Sleep Aid,3,18.05
98,211,P001,Aspirin,1,36.04
98,211,P015,First Aid Kit,2,42.52
18,212,P011,Eye Drops,2,32.55
18,212,P014,Sleep Aid,3,47.59
18,212,P010,Hand Sanitizer,1,10.76
88,213,P005,Antacid,1,20.59
88,213,P010,Hand Sanitizer,1,44.21
52,214,P015,First Aid Kit,3,16.05
52,214,P012,Thermometer,3,19.27
52,214,P007,Allergy Pills,2,40.7
52,214,P001,Aspirin,3,14.89
52,214,P009,Bandages,1,5.92
96,215,P005,Antacid,1,22.6
96,215,P007,Allergy Pills,2,25.5
82,216,P006,Pain Reliever,1,37.0
82,216,P005,Antacid,1,45.12
82,216,P001,Aspirin,1,16.67
82,216,P008,Cough Drops,2,35.8
82,216,P014,Sleep Aid,3,40.11
8,217,P009,Bandages,3,48.24
8,217,P008,Cough Drops,1,15.2
8,217,P011,Eye Drops,3,13.03
8,217,P014,Sleep Aid,2,49.8
8,217,P015,First Aid Kit,2,14.62
38,218,P011,Eye Drops,2,19.67
38,218,P003,Cough Syrup,3,49.21
38,218,P015,First Aid Kit,2,6.79
3,219,P006,Pain Reliever,1,23.43
3,219,P009,Bandages,2,47.69
9,220,P013,Face Mask,1,35.92
9,220,P007,Allergy Pills,3,20.78
74,221,P008,Cough Drops,3,22.16
74,221,P012,Thermometer,1,5.62
74,221,P009,Bandages,2,30.68
74,221,P007,Allergy Pills,3,36.69
50,222,P002,Ibuprofen,2,31.26
50,222,P014,Sleep Aid,2,46.63
50,222,P006,Pain Reliever,1,42.35
50,222,P008,Cough Drops,1,20.02
12,223,P002,Ibuprofen,2,5.63
12,223,P004,Vitamin C,1,19.89
12,223,P014,Sleep Aid,2,7.22
95,224,P006,Pain Reliever,3,29.91
95,224,P013,Face Mask,1,9.78
36,225,P007,Allergy Pills,3,45.6
36,225,P004,Vitamin C,2,6.24
36,225,P009,Bandages,1,49.07
36,225,P010,Hand Sanitizer,3,7.31
39,226,P015,First Aid Kit,1,30.73
39,226,P009,Bandages,3,30.49
39,226,P012,Thermometer,1,39.79
49,227,P013,Face Mask,2,26.53
49,227,P005,Antacid,1,44.22
49,227,P008,Cough Drops,3,45.38
49,227,P003,Cough Syrup,1,47.55
46,228,P008,Cough Drops,2,10.69
46,228,P010,Hand Sanitizer,1,35.35
46,228,P004,Vitamin C,1,46.73
46,228,P006,Pain Reliever,3,37.2
46,228,P011,Eye Drops,1,9.28
37,229,P003,Cough Syrup,3,20.48
37,229,P010,Hand Sanitizer,3,29.11
37,229,P005,Antacid,3,48.85
37,229,P001,Aspirin,2,46.74
53,230,P003,Cough Syrup,1,46.37
53,230,P014,Sleep Aid,2,20.57
65,231,P009,Bandages,3,47.61
65,231,P014,Sleep Aid,3,9.79
65,231,P008,Cough Drops,3,40.76
65,231,P013,Face Mask,1,27.89
78,232,P009,Bandages,2,31.04
78,232,P008,Cough Drops,1,32.29
78,232,P005,Antacid,3,36.4
78,232,P015,First Aid Kit,1,39.3
78,232,P004,Vitamin C,1,31.49
55,233,P015,First Aid Kit,1,42.13
55,233,P006,Pain Reliever,2,27.29
12,234,P013,Face Mask,3,16.71
12,234,P006,Pain Reliever,1,41.53
12,234,P008,Cough Drops,1,12.32
56,235,P012,Thermometer,1,5.41
56,235,P002,Ibuprofen,3,44.15
56,235,P005,Antacid,3,27.28
93,236,P004,Vitamin C,2,14.61
93,236,P014,Sleep Aid,2,8.83
93,236,P009,Bandages,1,40.74
93,236,P008,Cough Drops,2,33.63
41,237,P003,Cough Syrup,3,5.62
41,237,P015,First Aid Kit,3,26.85
41,237,P013,Face Mask,1,48.64
41,237,P004,Vitamin C,3,22.92
25,238,P010,Hand Sanitizer,1,7.08
25,238,P009,Bandages,3,30.9
14,239,P010,Hand Sanitizer,3,46.94
14,239,P007,Allergy Pills,2,7.57
1,240,P005,Antacid,3,49.24
1,240,P004,Vitamin C,3,17.76
1,240,P013,Face Mask,3,32.06
1,240,P015,First Aid Kit,3,12.24
68,241,P013,Face Mask,3,9.45
68,241,P015,First Aid Kit,2,27.68
73,242,P010,Hand Sanitizer,2,22.45
73,242,P002,Ibuprofen,2,12.38
73,242,P007,Allergy Pills,1,10.06
73,242,P015,First Aid Kit,2,20.83
73,242,P008,Cough Drops,1,41.96
60,243,P007,Allergy Pills,1,46.73
60,243,P002,Ibuprofen,1,33.06
60,243,P015,First Aid Kit,1,45.01
12,244,P003,Cough Syrup,1,15.12
12,244,P001,Aspirin,1,7.62
87,245,P004,Vitamin C,3,49.25
87,245,P008,Cough Drops,3,8.91
61,246,P001,Aspirin,3,12.38
61,246,P003,Cough Syrup,3,28.37
61,246,P014,Sleep Aid,1,6.02
13,247,P002,Ibuprofen,3,33.64
13,247,P006,Pain Reliever,2,23.51
13,247,P011,Eye Drops,2,26.15
18,248,P014,Sleep Aid,1,28.35
18,248,P003,Cough Syrup,2,38.79
18,248,P002,Ibuprofen,1,39.59
54,249,P009,Bandages,2,19.68
54,249,P002,Ibuprofen,1,49.1
54,249,P003,Cough Syrup,2,29.86
54,249,P013,Face Mask,3,33.91
31,250,P009,Bandages,3,34.31
31,250,P005,Antacid,2,26.56
31,250,P007,Allergy Pills,3,49.5
31,250,P001,Aspirin,3,26.86
31,250,P012,Thermometer,2,15.07
65,251,P003,Cough Syrup,3,30.64
65,251,P008,Cough Drops,3,17.01
65,251,P001,Aspirin,2,8.36
100,252,P007,Allergy Pills,3,45.84
100,252,P003,Cough Syrup,1,12.93
40,253,P013,Face Mask,2,18.45
40,253,P015,First Aid Kit,2,12.02
66,254,P015,First Aid Kit,2,44.03
66,254,P010,Hand Sanitizer,3,44.44
66,254,P004,Vitamin C,2,23.97
66,254,P013,Face Mask,3,45.08
66,254,P003,Cough Syrup,3,42.62
82,255,P010,Hand Sanitizer,2,10.86
82,255,P004,Vitamin C,2,12.21
82,255,P011,Eye Drops,1,21.94
50,256,P003,Cough Syrup,2,5.02
50,256,P013,Face Mask,1,37.74
19,257,P006,Pain Reliever,2,21.26
19,257,P015,First Aid Kit,1,38.81
19,257,P005,Antacid,3,46.7
19,257,P012,Thermometer,3,38.52
19,257,P010,Hand Sanitizer,1,41.01
17,258,P004,Vitamin C,1,22.5
17,258,P007,Allergy Pills,1,29.99
17,258,P010,Hand Sanitizer,3,31.9
17,258,P011,Eye Drops,3,22.31
73,259,P014,Sleep Aid,3,24.53
73,259,P006,Pain Reliever,2,7.98
73,259,P002,Ibuprofen,1,48.75
69,260,P011,Eye Drops,2,36.42
69,260,P003,Cough Syrup,3,37.66
69,260,P002,Ibuprofen,1,7.26
69,260,P008,Cough Drops,2,31.52
69,260,P001,Aspirin,3,42.2
36,261,P009,Bandages,1,45.87
36,261,P011,Eye Drops,2,22.72
66,262,P001,Aspirin,2,42.58
66,262,P013,Face Mask,3,36.94
42,263,P015,First Aid Kit,2,31.63
42,263,P002,Ibuprofen,3,16.35
76,264,P014,Sleep Aid,1,18.71
76,264,P007,Allergy Pills,2,33.95
76,264,P012,Thermometer,3,41.49
100,265,P005,Antacid,1,13.01
100,265,P008,Cough Drops,1,6.07
100,265,P006,Pain Reliever,1,34.17
100,265,P010,Hand Sanitizer,3,46.04
100,265,P002,Ibuprofen,3,18.77
59,266,P002,Ibuprofen,1,45.33
59,266,P006,Pain Reliever,2,28.21
22,267,P010,Hand Sanitizer,3,16.29
22,267,P003,Cough Syrup,2,16.41
22,267,P013,Face Mask,1,15.1
80,268,P004,Vitamin C,2,43.9
80,268,P003,Cough Syrup,2,22.39
80,268,P012,Thermometer,2,25.27
83,269,P008,Cough Drops,1,45.07
83,269,P003,Cough Syrup,3,32.45
83,269,P015,First Aid Kit,3,13.54
83,269,P012,Thermometer,2,41.26
83,269,P009,Bandages,2,7.47
77,270,P001,Aspirin,1,31.73
77,270,P003,Cough Syrup,1,29.52
77,270,P006,Pain Reliever,3,36.37
77,270,P007,Allergy Pills,2,25.01
23,271,P012,Thermometer,2,48.04
23,271,P009,Bandages,2,34.29
63,272,P008,Cough Drops,3,40.61
63,272,P006,Pain Reliever,2,37.53
63,272,P011,Eye Drops,2,49.08
63,272,P001,Aspirin,2,40.62
63,272,P015,First Aid Kit,2,40.46
3,273,P002,Ibuprofen,1,19.52
3,273,P007,Allergy Pills,3,47.23
3,273,P014,Sleep Aid,1,25.59
3,273,P011,Eye Drops,3,43.79
29,274,P005,Antacid,3,37.24
29,274,P006,Pain Reliever,3,23.07
63,275,P002,Ibuprofen,3,21.03
63,275,P007,Allergy Pills,1,27.3
63,275,P011,Eye Drops,2,14.4
29,276,P002,Ibuprofen,3,13.32
29,276,P001,Aspirin,2,22.87
29,276,P012,Thermometer,1,38.33
61,277,P006,Pain Reliever,1,28.88
61,277,P014,Sleep Aid,3,23.37
61,277,P003,Cough Syrup,1,24.47
42,278,P012,Thermometer,1,21.75
42,278,P007,Allergy Pills,2,40.15
42,278,P009,Bandages,2,39.12
42,278,P005,Antacid,3,15.21
19,279,P006,Pain Reliever,1,40.78
19,279,P001,Aspirin,1,9.5
19,279,P005,Antacid,1,11.63
19,279,P013,Face Mask,2,15.03
73,280,P003,Cough Syrup,2,29.8
73,280,P001,Aspirin,2,30.74
73,280,P004,Vitamin C,3,21.36
73,280,P010,Hand Sanitizer,3,42.22
67,281,P010,Hand Sanitizer,1,7.76
67,281,P008,Cough Drops,1,8.49
67,281,P007,Allergy Pills,3,15.54
38,282,P005,Antacid,2,6.33
38,282,P011,Eye Drops,2,42.67
24,283,P012,Thermometer,3,22.02
24,283,P003,Cough Syrup,3,42.17
24,283,P005,Antacid,3,44.05
24,283,P009,Bandages,1,8.4
60,284,P003,Cough Syrup,1,46.77
60,284,P001,Aspirin,1,12.08
60,284,P014,Sleep Aid,2,22.57
60,284,P010,Hand Sanitizer,3,44.53
60,284,P013,Face Mask,2,41.24
71,285,P011,Eye Drops,2,5.64
71,285,P015,First Aid Kit,1,31.43
89,286,P015,First Aid Kit,1,46.56
89,286,P011,Eye Drops,3,8.41
89,286,P002,Ibuprofen,3,42.32
89,286,P012,Thermometer,3,21.0
89,286,P004,Vitamin C,3,38.07
24,287,P007,Allergy Pills,2,11.04
24,287,P008,Cough Drops,1,29.62
97,288,P015,First Aid Kit,3,49.12
97,288,P012,Thermometer,2,8.76
97,288,P011,Eye Drops,2,10.79
97,288,P008,Cough Drops,3,32.43
93,289,P009,Bandages,3,11.22
93,289,P014,Sleep Aid,1,46.47
93,289,P002,Ibuprofen,3,37.7
93,289,P013,Face Mask,2,28.96
93,289,P011,Eye Drops,1,22.69
19,290,P009,Bandages,3,30.72
19,290,P012,Thermometer,2,9.38
19,290,P006,Pain Reliever,3,41.25
19,290,P002,Ibuprofen,2,35.26
19,290,P015,First Aid Kit,1,26.88
57,291,P003,Cough Syrup,3,42.62
57,291,P001,Aspirin,1,21.56
61,292,P001,Aspirin,1,38.93
61,292,P002,Ibuprofen,2,48.14
61,292,P006,Pain Reliever,2,39.63
61,292,P009,Bandages,2,37.54
61,292,P012,Thermometer,3,27.09
22,293,P006,Pain Reliever,2,32.24
22,293,P012,Thermometer,1,28.14
22,293,P010,Hand Sanitizer,3,22.95
43,294,P003,Cough Syrup,1,33.0
43,294,P002,Ibuprofen,3,14.64
43,294,P014,Sleep Aid,2,38.19
43,294,P005,Antacid,3,19.55
43,294,P013,Face Mask,2,41.1
76,295,P004,Vitamin C,3,49.17
76,295,P009,Bandages,3,40.92
76,295,P014,Sleep Aid,2,20.21
76,295,P008,Cough Drops,2,37.97
76,295,P011,Eye Drops,2,9.4
35,296,P013,Face Mask,1,31.96
35,296,P005,Antacid,3,12.68
78,297,P001,Aspirin,1,22.87
78,297,P006,Pain Reliever,1,22.04
78,297,P004,Vitamin C,3,19.15
84,298,P003,Cough Syrup,2,46.49
84,298,P005,Antacid,3,9.07
84,298,P006,Pain Reliever,2,47.63
72,299,P009,Bandages,1,49.43
72,299,P003,Cough Syrup,1,40.37
72,299,P015,First Aid Kit,3,11.76
66,300,P014,Sleep Aid,2,24.5
66,300,P002,Ibuprofen,1,45.21
